{"cameraMode":{"drawMode":0,"name":"Shaded","section":"Shading Mode"},"sceneLighting":true,"audioPlay":false,"sceneViewState":{"showFog":true,"showMaterialUpdate":false,"showSkybox":true,"showFlares":true,"showImageEffects":true,"showParticleSystems":true},"in2DMode":false,"pivot":{"x":0.44499248266220095,"y":0.30472898483276369,"z":0.3719410300254822},"rotation":{"x":-0.3073991537094116,"y":0.3016868829727173,"z":-0.10343897342681885,"w":-0.8965450525283814},"size":1.2452409267425538,"orthographic":false}